TỔNG HỢP TÀI LIỆU CẦN CHUẨN BỊ,,,
"Tự động đếm số SP cần làm ảnh/thông số/catalog/case study từ Sheet ""Danh mục sản phẩm""",,,
Hạng mục,Đã có,Cần làm,Một phần
Ảnh sản phẩm,17,0,5
Thông số kỹ thuật,28,0,0
Catalog / Brochure,17,5,6
Case study khách hàng,0,0,0
GỢI Ý LẬP KẾ HOẠCH SẢN XUẤT NỘI DUNG,,,
"• Ảnh sản phẩm: cần ≥3-5 ảnh/SP độ phân giải ≥2000px. Nếu nhiều SP ""Cần làm"", cần thuê photographer 1-2 ngày tại kho/trang trại thử nghiệm.",,,
• Thông số kỹ thuật: yêu cầu hãng cung cấp file gốc + Dolic biên dịch sang tiếng Việt. Phối hợp với kỹ sư.,,,
"• Catalog/Brochure: có thể yêu cầu đối tác thiết kế làm song song với web (báo giá riêng), hoặc dùng catalog hãng có sẵn.",,,
• Case study: cần TIẾP CẬN khách hàng cũ để xin phỏng vấn + ảnh trang trại. Đây là việc TỐN THỜI GIAN NHẤT — nên bắt đầu ngay từ tuần 1.,,,
