TEMPLATE DANH MỤC SẢN PHẨM DOLIC,,,,,
Dùng cho Brief Thiết kế Website — Lớp 3.2,,,,,
MỤC ĐÍCH,,,,,
Template này giúp Dolic liệt kê đầy đủ sản phẩm sẽ đưa lên website Phase 1.,,,,,
"Đơn vị thiết kế cần thông tin này để: (1) ước lượng số trang sản phẩm cần làm, (2) biết hạng mục nào cần ảnh/thông số/catalog, (3) lập kế hoạch sản xuất nội dung song song với thiết kế.",,,,,
CÁCH ĐIỀN,,,,,
"1. Đi đến Sheet ""Danh mục sản phẩm"" và điền từng dòng cho mỗi sản phẩm.",,,,,
2. Mỗi sản phẩm thuộc về 1 trong 7 NHÓM đã định sẵn (chọn từ dropdown).,,,,,
"3. Cột ""Đã có ảnh / thông số / catalog / case study"": chọn ""Đã có"" hoặc ""Cần làm"" từ dropdown.",,,,,
"4. Cột ""Mức độ ưu tiên"": ""Phase 1"" (đưa lên web ngay) hoặc ""Phase 2"" (sau này).",,,,,
"5. Nếu thiếu thông tin: ghi ""chưa rõ"" thay vì bỏ trống — đơn vị thiết kế sẽ hỏi lại.",,,,,
CÁC SHEET,,,,,
"• Sheet 1 ""Hướng dẫn"": phần đang đọc.",,,,,
"• Sheet 2 ""Danh mục sản phẩm"": bảng chính cần điền.",,,,,
"• Sheet 3 ""Combo Giải pháp"": liệt kê các combo trọn bộ.",,,,,
"• Sheet 4 ""Tổng hợp tài liệu thiếu"": tự động tính số SP cần làm ảnh/thông số/catalog.",,,,,
GHI CHÚ QUAN TRỌNG,,,,,
• Phase 1 chỉ nên đưa 8-15 SP đại diện lên web (mỗi nhóm 2-3 SP).,,,,,
• Sản phẩm còn lại (đặc biệt phụ tùng) đưa Phase 2.,,,,,
"• Tên thương hiệu sản phẩm (Dolic OxyPro, AquaSense...) sẽ áp dụng từ Phase 1.5 (sau 3-6 tháng go-live) — Phase 1 dùng tên kỹ thuật chung.",,,,,
NGƯỜI PHỤ TRÁCH ĐIỀN,,,,,
Đề xuất: Người phụ trách sản phẩm + Sales trưởng + có thể tham khảo CEO. Marketing review cuối.,,,,,
Thời gian dự kiến điền: 2-4 giờ tập trung (không nên rải rác),,,,,
